{"cameraMode":{"drawMode":2,"name":"Shaded Wireframe","section":"Shading Mode"},"sceneLighting":true,"audioPlay":false,"sceneViewState":{"m_AlwaysRefresh":false,"showFog":true,"showSkybox":true,"showFlares":true,"showImageEffects":true,"showParticleSystems":true,"showVisualEffectGraphs":true,"m_FxEnabled":true},"in2DMode":false,"pivot":{"x":2.141177177429199,"y":-1.8459140062332154,"z":43.277984619140628},"rotation":{"x":0.022991091012954713,"y":0.024305544793605806,"z":-0.0005691738333553076,"w":0.9994640350341797},"size":22.6286563873291,"orthographic":false}