{"cameraMode":{"drawMode":2,"name":"Shaded Wireframe","section":"Shading Mode"},"sceneLighting":true,"audioPlay":false,"sceneViewState":{"m_AlwaysRefresh":false,"showFog":true,"showSkybox":true,"showFlares":true,"showImageEffects":true,"showParticleSystems":true,"showVisualEffectGraphs":true,"m_FxEnabled":true},"in2DMode":false,"pivot":{"x":-0.24576272070407868,"y":-1.0087589025497437,"z":-0.14693734049797059},"rotation":{"x":0.6471590995788574,"y":-0.006577035877853632,"z":0.005406373646110296,"w":0.7624205350875855},"size":2.8240866661071779,"orthographic":false}