{"cameraMode":{"drawMode":2,"name":"Shaded Wireframe","section":"Shading Mode"},"sceneLighting":true,"audioPlay":false,"sceneViewState":{"m_AlwaysRefresh":false,"showFog":true,"showSkybox":true,"showFlares":true,"showImageEffects":true,"showParticleSystems":true,"showVisualEffectGraphs":true,"m_FxEnabled":true},"in2DMode":false,"pivot":{"x":91.47329711914063,"y":27.031116485595704,"z":60.123939514160159},"rotation":{"x":-0.0007777322316542268,"y":-0.998813271522522,"z":0.016981396824121476,"w":-0.04586637020111084},"size":22.290430068969728,"orthographic":false}